feature,importance
expense_ratio,0.16732269582685824
monthly_income,0.15342512228599764
monthly_expenses,0.13188518316706555
prev_defaults,0.11709579007895435
loan_amount,0.11337513011543796
transaction_count,0.0927032737988071
age,0.08930187686570079
num_loans,0.06251003535876397
region_Nairobi,0.01260161779100397
region_Mombasa,0.012267860698198522
gender_Male,0.012001827528199232
gender_Female,0.01198481586115182
region_Kisumu,0.011771826916573056
region_Rural,0.011752943707287869
